{"ps":0.5324198316,"systemd-udevd":0.2480423092,"sshd":0.1202420513,"systemd-journal":0.0267590389,"systemd":0.0226824819,"systemd-tmpfile":0.0170531381,"amazon-ssm-agen":0.0063552881,"snapd":0.0054865137,"cron":0.0053463042,"systemd-resolve":0.0044526328,"systemd-user-ru":0.0016720304,"systemd-timesyn":0.0015829254,"systemd-network":0.00145713,"(tmpfiles)":0.0013208516,"ssm-agent-worke":0.0010771231,"poweroff":0.000988018,"(time-dir)":0.0009198788,"systemd-logind":0.0007888419,"(sd-sync)":0.0006853228,"sh":0.0001559339,"run-parts":0.0001467613,"journal-offline":0.0001257954,"kworker\/dying":0.000099588,"close":0.0000471733,"packagekitd":0.0000183452,"dbus-daemon":0.0000144141,"gmain":0.0000091726,"gdbus":0.0000091726,"atd":0.0000078622,"containerd-shim":0.0000065518,"docker":0.0000065518,"dockerd":0.0000065518,"kworker\/u30:1":0.0000052415,"(sd-pam)":0.0000052415,"kworker\/u30:0":0.0000026207,"kworker\/u30:2":0.0000013104}